"","pricestr","area","subarea","name","condition","cylinders","drive","fuel","odometer","paintcolor","size","transmission","type","dealer","price","lnprice","year","age","lnodometer","LE","XLE","SE","cond_excellent","cond_good","cond_likenew","cylind6","agesq","agecu","odometersq"
"1","$14850","chicago","chicago city","2015 Toyota_ Camry_","excellent","other","Missing","gas",4.96321304347826,NA,NA,"automatic","sedan",1,14850,9.60575514423085,2015,3,1.60205332203464,0,0,0,1,0,0,0,9,27,24.6334837149527
"2","$15630","chicago","chicago city","2016 TOYOTA CAMRY","Missing","Missing","fwd","gas",4.24904444444444,NA,NA,"automatic","sedan",1,15630,9.65694742341552,2016,2,1.44669412105548,0,0,0,0,0,0,0,4,8,18.0543786908642
"3","$850","chicago","chicago city","1993 toyota camry","good","6 cylinders","fwd","gas",21.9166666666667,"red","full-size","automatic","sedan",0,850,6.74523634948436,1993,25,3.08724738238976,0,0,0,0,1,0,1,625,15625,480.340277777778
"4","$1600","chicago","chicago city","1998 toyota camry le","Missing","Missing","Missing","gas",16.8242583333333,NA,NA,"automatic","Missing",0,1600,7.37775890822787,1998,20,2.82282179333085,1,0,0,0,0,0,0,400,8000,283.055668466736
"5","$1500","chicago","chicago city","1998 Toyota Camry","Missing","Missing","Missing","gas",16.8242583333333,NA,NA,"automatic","Missing",0,1500,7.3132203870903,1998,20,2.82282179333085,0,0,0,0,0,0,0,400,8000,283.055668466736
"6","$1650","chicago","chicago city","1999 toyota camry","good","4 cylinders","fwd","gas",17.01991875,NA,NA,"automatic","sedan",0,1650,7.40853056689463,1999,19,2.8343843493383,0,0,0,0,1,0,0,361,6859,289.677634256601
"7","$2295","chicago","chicago city","2000 toyota camry le","excellent","4 cylinders","fwd","gas",16.8334571428571,"white","mid-size","automatic","sedan",0,2295,7.73848812249465,2000,18,2.82336840260737,1,0,0,1,0,0,0,324,5832,283.365279380408
"8","$1650","chicago","chicago city","2002 toyota camry solara","Missing","6 cylinders","fwd","gas",14.3267208333333,"black",NA,"automatic","Missing",0,1650,7.40853056689463,2002,16,2.6621263833674,0,0,0,0,0,0,1,256,4096,205.254929836267
"9","$3500","chicago","chicago city","2002 toyota camry","Missing","Missing","Missing","gas",14.3267208333333,NA,NA,"automatic","Missing",0,3500,8.1605182474775,2002,16,2.6621263833674,0,0,0,0,0,0,0,256,4096,205.254929836267
"10","$1100","chicago","chicago city","2003 Toyota CAMRY XLE","Missing","Missing","Missing","gas",14.0816714285714,"white",NA,"automatic","Missing",0,1100,7.00306545878646,2003,15,2.64487405310008,0,1,0,0,0,0,0,225,3375,198.293470222245
"11","$3800","chicago","chicago city","2003 toyota camry","Missing","4 cylinders","Missing","gas",14.0816714285714,NA,NA,"automatic","Missing",0,3800,8.24275634571448,2003,15,2.64487405310008,0,0,0,0,0,0,0,225,3375,198.293470222245
"12","$2950","chicago","chicago city","2004 Toyota Camry XLE","excellent","4 cylinders","fwd","gas",15.4080458333333,NA,NA,"automatic","Missing",0,2950,7.98956044933387,2004,14,2.73488982969655,0,1,0,1,0,0,0,196,2744,237.407876402101
"13","$4200","chicago","chicago city","2005 toyota camry LE","excellent","6 cylinders","4wd","gas",14.384252,"grey","full-size","automatic","sedan",0,4200,8.34283980427146,2005,13,2.66613399704187,1,0,0,1,0,0,1,169,2197,206.906705599504
"14","$4500","chicago","chicago city","2007 toyota camry","good","4 cylinders","fwd","gas",11.6269303030303,"silver","full-size","automatic","sedan",0,4500,8.41183267575841,2007,11,2.45332398526155,0,0,0,0,1,0,0,121,1331,135.185508271524
"15","$4000","chicago","chicago city","2007 Toyota camry","Missing","Missing","Missing","gas",11.6269303030303,NA,NA,"automatic","Missing",0,4000,8.29404964010203,2007,11,2.45332398526155,0,0,0,0,0,0,0,121,1331,135.185508271524
"16","$6000","chicago","chicago city","2007 Toyota Camry SE","excellent","4 cylinders","fwd","gas",11.6269303030303,"grey","mid-size","automatic","Missing",0,6000,8.69951474821019,2007,11,2.45332398526155,0,0,1,1,0,0,0,121,1331,135.185508271524
"17","$5999","chicago","chicago city","2007 toyota camry xle","Missing","Missing","Missing","gas",11.6269303030303,NA,NA,"automatic","Missing",0,5999,8.69934806765309,2007,11,2.45332398526155,0,1,0,0,0,0,0,121,1331,135.185508271524
"18","$7700","chicago","chicago city","2008 toyota camry","Missing","4 cylinders","fwd","gas",12.5481117647059,NA,NA,"automatic","Missing",0,7700,8.94897560784178,2008,10,2.52957019726246,0,0,0,0,0,0,0,100,1000,157.45510885955
"19","$7200","chicago","chicago city","2009 toyota camry se 4dr sedan","excellent","4 cylinders","fwd","gas",16.4503625,"grey","mid-size","automatic","sedan",0,7200,8.88183630500415,2009,9,2.80034751344275,0,0,1,1,0,0,0,81,729,270.614426381406
"20","$6400","chicago","chicago city","2009 toyota camry xle","excellent","Missing","Missing","gas",16.4503625,NA,NA,"automatic","Missing",0,6400,8.76405326934776,2009,9,2.80034751344275,0,1,0,1,0,0,0,81,729,270.614426381406
"21","$2000","chicago","chicago city","2010 toyota camry le","Missing","Missing","Missing","gas",14.664,NA,NA,"automatic","Missing",0,2000,7.60090245954208,2010,8,2.6853955105374,1,0,0,0,0,0,0,64,512,215.032896
"22","$7000","chicago","chicago city","2013 toyota camry","excellent","4 cylinders","Missing","gas",7.53163333333333,"white","compact","automatic","sedan",0,7000,8.85366542803745,2013,5,2.01911192842743,0,0,0,1,0,0,0,25,125,56.7255006677778
"23","$14900","chicago","chicago city","2014 Toyota Camry XLE","like new","4 cylinders","fwd","gas",4.79168636363636,"silver","mid-size","automatic","sedan",0,14900,9.60911649193355,2014,4,1.56688240867879,0,1,0,0,0,1,0,16,64,22.9602582074587
"24","$2000","chicago","chicago city","2009 Toyota Camry","like new","6 cylinders","fwd","gas",16.4503625,NA,NA,"automatic","sedan",0,2000,7.60090245954208,2009,9,2.80034751344275,0,0,0,0,0,1,1,81,729,270.614426381406
"25","$3030","chicago","chicago city","2010 toyota camry xle","excellent","6 cylinders","fwd","gas",14.664,"black","full-size","automatic","sedan",0,3030,8.01631789850341,2010,8,2.6853955105374,0,1,0,1,0,0,1,64,512,215.032896
"26","$3100","chicago","chicago city","2004 Toyota Camry","excellent","4 cylinders","Missing","gas",15.4080458333333,"grey",NA,"automatic","sedan",0,3100,8.03915739047324,2004,14,2.73488982969655,0,0,0,1,0,0,0,196,2744,237.407876402101
"27","$3600","chicago","chicago city","2002 toyota camry le","like new","6 cylinders","Missing","gas",14.3267208333333,"grey",NA,"automatic","sedan",0,3600,8.1886891244442,2002,16,2.6621263833674,1,0,0,0,0,1,1,256,4096,205.254929836267
"28","$3750","chicago","chicago N","2002 toyota camry le 4cyl","good","4 cylinders","fwd","gas",14.3267208333333,"blue","mid-size","automatic","sedan",0,3750,8.22951111896446,2002,16,2.6621263833674,1,0,0,0,1,0,0,256,4096,205.254929836267
"29","$4400","chicago","chicago N","2005 toyota camry","good","4 cylinders","fwd","gas",14.384252,NA,NA,"automatic","sedan",0,4400,8.38935981990635,2005,13,2.66613399704187,0,0,0,0,1,0,0,169,2197,206.906705599504
"30","$6300","chicago","chicago N","2011 toyota camry se 4dr sedan","excellent","4 cylinders","fwd","gas",10.3230476190476,"black","full-size","automatic","sedan",0,6300,8.74830491237962,2011,7,2.33437902838065,0,0,1,1,0,0,0,49,343,106.565312145125
"31","$1700","chicago","chicago N","1998 Toyota Camry LE","good","Missing","Missing","gas",16.8242583333333,"brown","mid-size","automatic","sedan",0,1700,7.43838353004431,1998,20,2.82282179333085,1,0,0,0,1,0,0,400,8000,283.055668466736
"32","$850","chicago","chicago suburbs","1997 Toyota Camry","Missing","Missing","Missing","gas",18.7008,NA,NA,"automatic","Missing",0,850,6.74523634948436,1997,21,2.92856630369413,0,0,0,0,0,0,0,441,9261,349.71992064
"33","$2000","chicago","chicago suburbs","2000 toyota camry","good","4 cylinders","fwd","gas",16.8334571428571,NA,"full-size","automatic","sedan",0,2000,7.60090245954208,2000,18,2.82336840260737,0,0,0,0,1,0,0,324,5832,283.365279380408
"34","$2250","chicago","chicago suburbs","2001 toyota camry","like new","Missing","Missing","gas",16.20146875,NA,NA,"automatic","Missing",0,2250,7.71868549519847,2001,17,2.78510190170889,0,0,0,0,0,1,0,289,4913,262.487589657227
"35","$2500","chicago","chicago suburbs","2006 Toyota Camry Solara","good","4 cylinders","fwd","gas",12.66718125,"blue","mid-size","automatic","coupe",0,2500,7.82404601085629,2006,12,2.5390144952331,0,0,0,0,1,0,0,144,1728,160.457480820352
"36","$7500","chicago","chicago suburbs","2010 toyota camry le","excellent","4 cylinders","fwd","gas",14.664,"silver","mid-size","automatic","sedan",0,7500,8.9226582995244,2010,8,2.6853955105374,1,0,0,1,0,0,0,64,512,215.032896
"37","$10590","chicago","chicago suburbs","2012 TOYOTA CAMRY","good","4 cylinders","fwd","gas",8.30497333333333,"red",NA,"automatic","Missing",0,10590,9.26766543859545,2012,6,2.11685453214298,0,0,0,0,1,0,0,36,216,68.9725820673778
"38","$2800","chicago","chicago suburbs","2002 toyota camry Le","excellent","4 cylinders","fwd","gas",14.3267208333333,"silver",NA,"automatic","sedan",0,2800,7.9373746961633,2002,16,2.6621263833674,1,0,0,1,0,0,0,256,4096,205.254929836267
"39","$2800","chicago","chicago suburbs","2002 toyota camry","excellent","4 cylinders","fwd","gas",14.3267208333333,"silver",NA,"automatic","Missing",0,2800,7.9373746961633,2002,16,2.6621263833674,0,0,0,1,0,0,0,256,4096,205.254929836267
"40","$1850","chicago","chicago suburbs","1998 Toyota Camry LX","excellent","6 cylinders","fwd","gas",16.8242583333333,"brown","compact","automatic","sedan",0,1850,7.52294091807237,1998,20,2.82282179333085,0,0,0,1,0,0,1,400,8000,283.055668466736
"41","$1850","chicago","chicago suburbs","1998 Toyota Camry LX","good","6 cylinders","fwd","gas",16.8242583333333,"brown","compact","automatic","sedan",0,1850,7.52294091807237,1998,20,2.82282179333085,0,0,0,0,1,0,1,400,8000,283.055668466736
"42","$6500","chicago","chicago suburbs","2008 toyota camry le","excellent","4 cylinders","rwd","gas",12.5481117647059,"black","full-size","automatic","sedan",0,6500,8.77955745588373,2008,10,2.52957019726246,1,0,0,1,0,0,0,100,1000,157.45510885955
"43","$2400","chicago","indiana NW","2005 Toyota Camry XLE","good","6 cylinders","fwd","gas",14.384252,"silver","mid-size","automatic","Missing",0,2400,7.78322401633604,2005,13,2.66613399704187,0,1,0,0,1,0,1,169,2197,206.906705599504
"44","$3950","chicago","indiana NW","2005 toyota camry le","good","4 cylinders","fwd","gas",14.384252,"grey","full-size","automatic","sedan",0,3950,8.28147085789517,2005,13,2.66613399704187,1,0,0,0,1,0,0,169,2197,206.906705599504
"45","$3985","chicago","chicago S","1997 toyota camry","excellent","6 cylinders","4wd","gas",18.7008,NA,NA,"automatic","sedan",1,3985,8.29029259122431,1997,21,2.92856630369413,0,0,0,1,0,0,1,441,9261,349.71992064
"46","$2000","chicago","chicago S","1999 toyota camry","Missing","Missing","Missing","gas",17.01991875,NA,NA,"automatic","Missing",0,2000,7.60090245954208,1999,19,2.8343843493383,0,0,0,0,0,0,0,361,6859,289.677634256601
"47","$1400","chicago","chicago S","2000 toyota camry xle","excellent","6 cylinders","fwd","gas",16.8334571428571,"black","compact","automatic","sedan",0,1400,7.24422751560335,2000,18,2.82336840260737,0,1,0,1,0,0,1,324,5832,283.365279380408
"48","$3980","chicago","chicago S","2001 Toyota Camry","Missing","Missing","Missing","gas",16.20146875,NA,NA,"automatic","Missing",0,3980,8.28903709827848,2001,17,2.78510190170889,0,0,0,0,0,0,0,289,4913,262.487589657227
"49","$6500","chicago","chicago S","2011 toyota camry","Missing","Missing","Missing","gas",10.3230476190476,NA,NA,"automatic","Missing",0,6500,8.77955745588373,2011,7,2.33437902838065,0,0,0,0,0,0,0,49,343,106.565312145125
"50","$8900","chicago","chicago S","2008 toyota camry","Missing","Missing","Missing","gas",12.5481117647059,"red",NA,"automatic","Missing",0,8900,9.09380655572023,2008,10,2.52957019726246,0,0,0,0,0,0,0,100,1000,157.45510885955
"51","$2000","chicago","chicago S","1999 Toyota camry","Missing","Missing","Missing","gas",17.01991875,NA,NA,"automatic","Missing",0,2000,7.60090245954208,1999,19,2.8343843493383,0,0,0,0,0,0,0,361,6859,289.677634256601
"52","$2400","chicago","chicago W","2000 Toyota_ Camry_","excellent","4 cylinders","fwd","gas",16.8334571428571,"grey","mid-size","automatic","sedan",1,2400,7.78322401633604,2000,18,2.82336840260737,0,0,0,1,0,0,0,324,5832,283.365279380408
"53","$5999","chicago","chicago W","2009 toyota camry le","like new","4 cylinders","fwd","gas",16.4503625,"silver","full-size","automatic","sedan",1,5999,8.69934806765309,2009,9,2.80034751344275,1,0,0,0,0,1,0,81,729,270.614426381406
"54","$9300","chicago","chicago W","2011 toyota camry xle","excellent","6 cylinders","fwd","gas",10.3230476190476,"green","full-size","automatic","sedan",1,9300,9.13776967914135,2011,7,2.33437902838065,0,1,0,1,0,0,1,49,343,106.565312145125
"55","$10500","chicago","chicago W","2013 Toyota_ Camry_","excellent","4 cylinders","fwd","gas",7.53163333333333,"grey","mid-size","automatic","sedan",1,10500,9.25913053614561,2013,5,2.01911192842743,0,0,0,1,0,0,0,25,125,56.7255006677778
"56","$12900","chicago","chicago W","2016 Toyota_ Camry_","excellent","4 cylinders","fwd","gas",4.24904444444444,"black","mid-size","automatic","sedan",1,12900,9.46498259034976,2016,2,1.44669412105548,0,0,0,1,0,0,0,4,8,18.0543786908642
"57","$3300","chicago","chicago W","2004 Toyota camry","Missing","Missing","Missing","gas",15.4080458333333,NA,NA,"automatic","Missing",0,3300,8.10167774745457,2004,14,2.73488982969655,0,0,0,0,0,0,0,196,2744,237.407876402101
"58","$4400","chicago","chicago W","2004 toyota camry le 4dr sedan","excellent","4 cylinders","fwd","gas",15.4080458333333,"silver","mid-size","automatic","sedan",0,4400,8.38935981990635,2004,14,2.73488982969655,1,0,1,1,0,0,0,196,2744,237.407876402101
"59","$2074","chicago","chicago W","2010 TOYOTA CAMRY","Missing","Missing","Missing","gas",14.664,NA,NA,"automatic","Missing",0,2074,7.63723438878947,2010,8,2.6853955105374,0,0,0,0,0,0,0,64,512,215.032896
"60","$800","chicago","chicago W","2000 TOYOTA CAMRY","Missing","4 cylinders","Missing","gas",16.8334571428571,NA,NA,"automatic","Missing",0,800,6.68461172766793,2000,18,2.82336840260737,0,0,0,0,0,0,0,324,5832,283.365279380408
"61","$5985","chicago","chicago W","2002 Toyota Camry Solara","excellent","Missing","Missing","gas",14.3267208333333,NA,NA,"automatic","Missing",0,5985,8.69701161799207,2002,16,2.6621263833674,0,0,0,1,0,0,0,256,4096,205.254929836267
"62","$5300","chicago","chicago W","2002 Toyota Camry XLE","excellent","4 cylinders","fwd","gas",14.3267208333333,"silver",NA,"automatic","sedan",0,5300,8.57546209954021,2002,16,2.6621263833674,0,1,0,1,0,0,0,256,4096,205.254929836267
"63","$2700","chicago","chicago W","2003 Toyota Camry","good","4 cylinders","fwd","gas",14.0816714285714,"grey",NA,"automatic","Missing",0,2700,7.90100705199242,2003,15,2.64487405310008,0,0,0,0,1,0,0,225,3375,198.293470222245
"64","$3600","chicago","chicago W","2004 toyota camry solara","good","6 cylinders","fwd","gas",15.4080458333333,"red","compact","automatic","coupe",0,3600,8.1886891244442,2004,14,2.73488982969655,0,0,0,0,1,0,1,196,2744,237.407876402101
"65","$5250","chicago","chicago W","2008 toyota camry","excellent","4 cylinders","fwd","gas",12.5481117647059,"grey",NA,"automatic","sedan",0,5250,8.56598335558567,2008,10,2.52957019726246,0,0,0,1,0,0,0,100,1000,157.45510885955
"66","$6750","chicago","chicago W","2009 toyota camry","excellent","4 cylinders","fwd","gas",16.4503625,"black",NA,"automatic","sedan",0,6750,8.81729778386658,2009,9,2.80034751344275,0,0,0,1,0,0,0,81,729,270.614426381406
"67","$9995","chicago","chicago W","2012 toyota camry se 4dr sedan","excellent","4 cylinders","fwd","gas",8.30497333333333,"white","full-size","automatic","sedan",0,9995,9.2098402469345,2012,6,2.11685453214298,0,0,1,1,0,0,0,36,216,68.9725820673778
"68","$1300","chicago","chicago W","1994 Toyota Camry","Missing","Missing","Missing","gas",17.548975,NA,NA,"automatic","Missing",0,1300,7.17011954344963,1994,24,2.86499554364786,0,0,0,0,0,0,0,576,13824,307.966523550625
"69","$2071","chicago","chicago W","2010 TOYOTA CAMRY","Missing","Missing","Missing","gas",14.664,NA,NA,"automatic","Missing",0,2071,7.63578686139558,2010,8,2.6853955105374,0,0,0,0,0,0,0,64,512,215.032896
"70","$1300","chicago","chicago W","1993 toyota camry","good","6 cylinders","fwd","gas",21.9166666666667,NA,NA,"automatic","Missing",0,1300,7.17011954344963,1993,25,3.08724738238976,0,0,0,0,1,0,1,625,15625,480.340277777778
"71","$2799","chicago","chicago S","1999 TOYOTA CAMRY","Missing","4 cylinders","Missing","gas",17.01991875,"white",NA,"automatic","sedan",1,2799,7.93701748951545,1999,19,2.8343843493383,0,0,0,0,0,0,0,361,6859,289.677634256601
"72","$2800","chicago","chicago N","1997 Toyota Camry","Missing","Missing","Missing","gas",18.7008,NA,NA,"automatic","Missing",0,2800,7.9373746961633,1997,21,2.92856630369413,0,0,0,0,0,0,0,441,9261,349.71992064
"73","$2200","chicago","chicago city","1993 Toyota Camry","Missing","Missing","Missing","gas",21.9166666666667,NA,NA,"automatic","Missing",0,2200,7.69621263934641,1993,25,3.08724738238976,0,0,0,0,0,0,0,625,15625,480.340277777778
"74","$7250","chicago","chicago W","2009 toyota camry","excellent","4 cylinders","fwd","gas",16.4503625,"black",NA,"automatic","sedan",0,7250,8.88875674784872,2009,9,2.80034751344275,0,0,0,1,0,0,0,81,729,270.614426381406
"75","$16900","chicago","indiana NW","2017 Toyota Camry SE","Missing","Missing","Missing","gas",1.87281666666667,NA,NA,"automatic","Missing",1,16900,9.73506890091116,2017,1,0.627443536485736,0,0,1,0,0,0,0,1,1,3.50744226694444
"76","$1600","chicago","indiana NW","1998 1998 TOYOTA CAMRY","Missing","Missing","Missing","gas",16.8242583333333,NA,NA,"automatic","Missing",0,1600,7.37775890822787,1998,20,2.82282179333085,0,0,0,0,0,0,0,400,8000,283.055668466736
"77","$2200","chicago","chicago W","2001 toyota camry","good","4 cylinders","fwd","gas",16.20146875,"silver","mid-size","automatic","sedan",0,2200,7.69621263934641,2001,17,2.78510190170889,0,0,0,0,1,0,0,289,4913,262.487589657227
"78","$2700","chicago","chicago N","1993 Toyota Camry XLE V6","Missing","Missing","Missing","gas",21.9166666666667,"black",NA,"automatic","sedan",0,2700,7.90100705199242,1993,25,3.08724738238976,0,1,0,0,0,0,0,625,15625,480.340277777778
"79","$1600","chicago","chicago city","1998 toyota camry","Missing","Missing","Missing","gas",16.8242583333333,NA,NA,"automatic","Missing",0,1600,7.37775890822787,1998,20,2.82282179333085,0,0,0,0,0,0,0,400,8000,283.055668466736
"80","$1500","chicago","chicago city","2007 toyota camry","Missing","6 cylinders","fwd","gas",11.6269303030303,"grey","full-size","automatic","Missing",0,1500,7.3132203870903,2007,11,2.45332398526155,0,0,0,0,0,0,1,121,1331,135.185508271524
"81","$3550","chicago","chicago N","2002 toyota camry le 4cyl","good","4 cylinders","fwd","gas",14.3267208333333,"blue","mid-size","automatic","sedan",0,3550,8.17470288246946,2002,16,2.6621263833674,1,0,0,0,1,0,0,256,4096,205.254929836267
"82","$3200","chicago","chicago city","2004 TOYOTA CAMRY LE","excellent","4 cylinders","fwd","gas",15.4080458333333,"white",NA,"automatic","sedan",0,3200,8.07090608878782,2004,14,2.73488982969655,1,0,0,1,0,0,0,196,2744,237.407876402101
"83","$3200","chicago","chicago W","2002 toyota camry","good","6 cylinders","fwd","gas",14.3267208333333,"green","mid-size","automatic","sedan",0,3200,8.07090608878782,2002,16,2.6621263833674,0,0,0,0,1,0,1,256,4096,205.254929836267
"84","$14000","chicago","chicago S","2015 toyota camry le","good","4 cylinders","fwd","gas",4.96321304347826,"grey",NA,"automatic","Missing",0,14000,9.5468126085974,2015,3,1.60205332203464,1,0,0,0,1,0,0,9,27,24.6334837149527
"85","$5800","chicago","indiana NW","2007 Toyota Camry","good","Missing","Missing","gas",11.6269303030303,NA,NA,"automatic","Missing",0,5800,8.66561319653451,2007,11,2.45332398526155,0,0,0,0,1,0,0,121,1331,135.185508271524
"86","$6929","chicago","chicago suburbs","2003 TOYOTA CAMRY LE","Missing","Missing","Missing","gas",14.0816714285714,NA,NA,"automatic","Missing",0,6929,8.84347078162738,2003,15,2.64487405310008,1,0,0,0,0,0,0,225,3375,198.293470222245
"87","$1900","chicago","chicago W","2000 toyota camry solara","Missing","Missing","Missing","gas",16.8334571428571,NA,NA,"automatic","Missing",0,1900,7.54960916515453,2000,18,2.82336840260737,0,0,0,0,0,0,0,324,5832,283.365279380408
"88","$2700","chicago","chicago N","1993 Toyota Camry XLE V6","Missing","Missing","Missing","gas",21.9166666666667,NA,NA,"automatic","Missing",0,2700,7.90100705199242,1993,25,3.08724738238976,0,1,0,0,0,0,0,625,15625,480.340277777778
"89","$2200","chicago","chicago N","1993 Toyota Camry","Missing","Missing","Missing","gas",21.9166666666667,NA,NA,"automatic","Missing",0,2200,7.69621263934641,1993,25,3.08724738238976,0,0,0,0,0,0,0,625,15625,480.340277777778
"90","$8300","chicago","indiana NW","2011 Toyota Camry","Missing","Missing","Missing","gas",10.3230476190476,NA,NA,"automatic","Missing",0,8300,9.02401079378469,2011,7,2.33437902838065,0,0,0,0,0,0,0,49,343,106.565312145125
"91","$7700","chicago","chicago city","2008 Toyota camry","Missing","Missing","Missing","gas",12.5481117647059,NA,NA,"automatic","Missing",0,7700,8.94897560784178,2008,10,2.52957019726246,0,0,0,0,0,0,0,100,1000,157.45510885955
"92","$8300","chicago","chicago city","2011 Toyota Camry","Missing","Missing","Missing","gas",10.3230476190476,NA,NA,"automatic","Missing",0,8300,9.02401079378469,2011,7,2.33437902838065,0,0,0,0,0,0,0,49,343,106.565312145125
"93","$18495","chicago","chicago S","2017 toyota camry","excellent","4 cylinders","4wd","gas",1.87281666666667,NA,NA,"automatic","sedan",1,18495,9.82525570426655,2017,1,0.627443536485736,0,0,0,1,0,0,0,1,1,3.50744226694444
"94","$2069","chicago","chicago S","2010 TOYOTA CAMRY","Missing","Missing","Missing","gas",14.664,NA,NA,"automatic","Missing",0,2069,7.63482067774554,2010,8,2.6853955105374,0,0,0,0,0,0,0,64,512,215.032896
"95","$4400","chicago","chicago N","2005 toyota camry","excellent","4 cylinders","fwd","gas",14.384252,NA,"full-size","automatic","sedan",0,4400,8.38935981990635,2005,13,2.66613399704187,0,0,0,1,0,0,0,169,2197,206.906705599504
"96","$3900","chicago","chicago city","2004 Toyota Camry","good","4 cylinders","Missing","gas",15.4080458333333,"black",NA,"automatic","sedan",0,3900,8.26873183211774,2004,14,2.73488982969655,0,0,0,0,1,0,0,196,2744,237.407876402101
"97","$4500","chicago","chicago N","2002 toyota camry solara convertible","good","6 cylinders","Missing","gas",14.3267208333333,NA,NA,"automatic","Missing",0,4500,8.41183267575841,2002,16,2.6621263833674,0,0,0,0,1,0,1,256,4096,205.254929836267
"98","$4500","chicago","chicago S","2007 toyota camry solara","excellent","4 cylinders","fwd","gas",11.6269303030303,"silver",NA,"automatic","coupe",0,4500,8.41183267575841,2007,11,2.45332398526155,0,0,0,1,0,0,0,121,1331,135.185508271524
"99","$1500","chicago","chicago city","1998 toyota camry","Missing","Missing","Missing","gas",16.8242583333333,NA,NA,"automatic","Missing",0,1500,7.3132203870903,1998,20,2.82282179333085,0,0,0,0,0,0,0,400,8000,283.055668466736
"100","$14491","chicago","chicago W","2015 Toyota Camry","Missing","4 cylinders","fwd","gas",4.96321304347826,"white",NA,"automatic","sedan",1,14491,9.58128304604592,2015,3,1.60205332203464,0,0,0,0,0,0,0,9,27,24.6334837149527
"101","$3700","chicago","indiana NW","2005 toyota camry le","good","4 cylinders","fwd","gas",14.384252,"grey","full-size","automatic","sedan",0,3700,8.21608809863232,2005,13,2.66613399704187,1,0,0,0,1,0,0,169,2197,206.906705599504
"102","$1500","chicago","indiana NW","2004 Toyota camry","Missing","Missing","Missing","gas",15.4080458333333,NA,NA,"automatic","Missing",0,1500,7.3132203870903,2004,14,2.73488982969655,0,0,0,0,0,0,0,196,2744,237.407876402101
"103","$6499","chicago","chicago suburbs","2009 Toyota Camry","Missing","4 cylinders","fwd","gas",16.4503625,"black","mid-size","automatic","sedan",1,6499,8.77940359789435,2009,9,2.80034751344275,0,0,0,0,0,0,0,81,729,270.614426381406
"104","$9995","chicago","chicago city","2007 toyota camry le","excellent","4 cylinders","fwd","gas",11.6269303030303,"blue","mid-size","automatic","Missing",1,9995,9.2098402469345,2007,11,2.45332398526155,1,0,0,1,0,0,0,121,1331,135.185508271524
"105","$11386","chicago","chicago suburbs","2012 Toyota Camry","Missing","4 cylinders","fwd","gas",8.30497333333333,"silver","mid-size","automatic","sedan",1,11386,9.34013980951103,2012,6,2.11685453214298,0,0,0,0,0,0,0,36,216,68.9725820673778
"106","$13906","chicago","chicago W","2015 Toyota Camry","Missing","4 cylinders","fwd","gas",4.96321304347826,"black","mid-size","automatic","sedan",1,13906,9.54007568065896,2015,3,1.60205332203464,0,0,0,0,0,0,0,9,27,24.6334837149527
"107","$4950","chicago","chicago S","2006 toyota camry solara convertible","excellent","6 cylinders","fwd","gas",12.66718125,"silver","mid-size","automatic","convertible",0,4950,8.50714285556274,2006,12,2.5390144952331,0,0,0,1,0,0,1,144,1728,160.457480820352
"108","$5390","chicago","chicago W","2007 toyota camry le","excellent","4 cylinders","fwd","gas",11.6269303030303,"yellow",NA,"automatic","sedan",0,5390,8.59230066390304,2007,11,2.45332398526155,1,0,0,1,0,0,0,121,1331,135.185508271524
"109","$1800","chicago","chicago city","1998 toyota camry","good","Missing","fwd","gas",16.8242583333333,"green","full-size","automatic","sedan",1,1800,7.49554194388426,1998,20,2.82282179333085,0,0,0,0,1,0,0,400,8000,283.055668466736
"110","$6995","chicago","chicago suburbs","2009 Toyota Camry SE","good","4 cylinders","fwd","gas",16.4503625,"red","mid-size","automatic","sedan",0,6995,8.85295088709958,2009,9,2.80034751344275,0,0,1,0,1,0,0,81,729,270.614426381406
"111","$6000","chicago","chicago city","2005 toyota camry le","good","4 cylinders","fwd","gas",14.384252,"silver","full-size","automatic","sedan",0,6000,8.69951474821019,2005,13,2.66613399704187,1,0,0,0,1,0,0,169,2197,206.906705599504
"112","$13995","chicago","chicago S","2014 toyota camry","excellent","4 cylinders","4wd","gas",4.79168636363636,"white",NA,"automatic","sedan",1,13995,9.54645540194955,2014,4,1.56688240867879,0,0,0,1,0,0,0,16,64,22.9602582074587
"113","$4900","chicago","chicago city","2008 Toyota_ Camry_ Solara_","excellent","6 cylinders","fwd","gas",12.5481117647059,"black","sub-compact","automatic","convertible",1,4900,8.49699048409872,2008,10,2.52957019726246,0,0,0,1,0,0,1,100,1000,157.45510885955
"114","$6490","chicago","chicago W","2007 Toyota Camry","excellent","4 cylinders","fwd","gas",11.6269303030303,"silver","mid-size","automatic","sedan",1,6490,8.77801780969814,2007,11,2.45332398526155,0,0,0,1,0,0,0,121,1331,135.185508271524
"115","$12500","chicago","chicago city","2013 Toyota_ Camry_","excellent","4 cylinders","fwd","gas",7.53163333333333,"silver","mid-size","automatic","sedan",1,12500,9.43348392329039,2013,5,2.01911192842743,0,0,0,1,0,0,0,25,125,56.7255006677778
"116","$5500","chicago","chicago suburbs","2004 toyota camry","Missing","Missing","Missing","gas",15.4080458333333,NA,NA,"automatic","sedan",1,5500,8.61250337122056,2004,14,2.73488982969655,0,0,0,0,0,0,0,196,2744,237.407876402101
"117","$6000","chicago","chicago suburbs","2008 toyota camry le","excellent","4 cylinders","rwd","gas",12.5481117647059,"black","full-size","automatic","sedan",0,6000,8.69951474821019,2008,10,2.52957019726246,1,0,0,1,0,0,0,100,1000,157.45510885955
"118","$12000","chicago","chicago S","2013 toyota camry se","good","4 cylinders","Missing","gas",7.53163333333333,"silver",NA,"automatic","Missing",0,12000,9.39266192877014,2013,5,2.01911192842743,0,0,1,0,1,0,0,25,125,56.7255006677778
"119","$3499","chicago","chicago suburbs","2002 toyota camry","good","6 cylinders","fwd","gas",14.3267208333333,"red",NA,"automatic","convertible",0,3499,8.16023249236769,2002,16,2.6621263833674,0,0,0,0,1,0,1,256,4096,205.254929836267
"120","$1000","chicago","chicago suburbs","1999 toyota camry le","good","6 cylinders","Missing","gas",17.01991875,NA,NA,"automatic","Missing",0,1000,6.90775527898214,1999,19,2.8343843493383,1,0,0,0,1,0,1,361,6859,289.677634256601
"121","$3500","chicago","chicago N","2002 toyota camry le 4cyl","good","4 cylinders","fwd","gas",14.3267208333333,"blue","mid-size","automatic","sedan",0,3500,8.1605182474775,2002,16,2.6621263833674,1,0,0,0,1,0,0,256,4096,205.254929836267
"122","$3900","chicago","chicago city","2002 2002 Toyota camry","Missing","Missing","Missing","gas",14.3267208333333,NA,NA,"automatic","Missing",0,3900,8.26873183211774,2002,16,2.6621263833674,0,0,0,0,0,0,0,256,4096,205.254929836267
"123","$2800","chicago","chicago S","2003 toyota camry","excellent","4 cylinders","fwd","gas",14.0816714285714,"grey","mid-size","automatic","Missing",0,2800,7.9373746961633,2003,15,2.64487405310008,0,0,0,1,0,0,0,225,3375,198.293470222245
"124","$5800","chicago","chicago W","2010 toyota camry le","excellent","4 cylinders","fwd","gas",14.664,NA,NA,"automatic","Missing",0,5800,8.66561319653451,2010,8,2.6853955105374,1,0,0,1,0,0,0,64,512,215.032896
"125","$3300","chicago","chicago W","2004 Toyota Camry le","like new","4 cylinders","fwd","gas",15.4080458333333,"blue","mid-size","automatic","sedan",0,3300,8.10167774745457,2004,14,2.73488982969655,1,0,0,0,0,1,0,196,2744,237.407876402101
"126","$1099","chicago","chicago N","2001 Toyota Camry","good","4 cylinders","fwd","gas",16.20146875,"silver",NA,"automatic","Missing",0,1099,7.00215595440362,2001,17,2.78510190170889,0,0,0,0,1,0,0,289,4913,262.487589657227
"127","$2499","chicago","chicago suburbs","2001 Toyota Camry.","good","4 cylinders","fwd","gas",16.20146875,"silver","full-size","automatic","sedan",0,2499,7.82364593083495,2001,17,2.78510190170889,0,0,0,0,1,0,0,289,4913,262.487589657227
"128","$7999","chicago","chicago city","2010 TOYOTA CAMRY","Missing","Missing","fwd","gas",14.664,"blue",NA,"automatic","sedan",1,7999,8.98707181284882,2010,8,2.6853955105374,0,0,0,0,0,0,0,64,512,215.032896
"129","$3900","chicago","chicago city","2002 Toyota Camry LE Sedan","excellent","4 cylinders","fwd","gas",14.3267208333333,"grey","mid-size","automatic","sedan",0,3900,8.26873183211774,2002,16,2.6621263833674,1,0,1,1,0,0,0,256,4096,205.254929836267
"130","$5495","chicago","chicago N","2005 Toyota Camry","excellent","4 cylinders","fwd","gas",14.384252,"red","mid-size","automatic","sedan",1,5495,8.61159386683772,2005,13,2.66613399704187,0,0,0,1,0,0,0,169,2197,206.906705599504
"131","$2995","chicago","chicago S","2003 Toyota Camry LE","Missing","Missing","fwd","gas",14.0816714285714,"silver",NA,"automatic","sedan",1,2995,8.00469951054955,2003,15,2.64487405310008,1,0,0,0,0,0,0,225,3375,198.293470222245
"132","$2700","chicago","chicago city","2003 Toyota Camry","Missing","4 cylinders","Missing","gas",14.0816714285714,NA,NA,"automatic","Missing",0,2700,7.90100705199242,2003,15,2.64487405310008,0,0,0,0,0,0,0,225,3375,198.293470222245
"133","$5249","chicago","chicago suburbs","1999 toyota camry","excellent","6 cylinders","Missing","gas",17.01991875,NA,NA,"automatic","sedan",0,5249,8.5657928612523,1999,19,2.8343843493383,0,0,0,1,0,0,1,361,6859,289.677634256601
"134","$12995","chicago","chicago city","2015 TOYOTA CAMRY","Missing","Missing","fwd","gas",4.96321304347826,"black",NA,"automatic","sedan",1,12995,9.47231994707559,2015,3,1.60205332203464,0,0,0,0,0,0,0,9,27,24.6334837149527
"135","$3000","chicago","chicago city","2002 toyota camry solara","excellent","6 cylinders","Missing","gas",14.3267208333333,"blue","compact","automatic","coupe",0,3000,8.00636756765025,2002,16,2.6621263833674,0,0,0,1,0,0,1,256,4096,205.254929836267
"136","$16257","chicago","chicago suburbs","2015 Toyota Camry","Missing","4 cylinders","fwd","gas",4.96321304347826,"silver","mid-size","automatic","sedan",1,16257,9.69627886423422,2015,3,1.60205332203464,0,0,0,0,0,0,0,9,27,24.6334837149527
"137","$15910","chicago","chicago city","2015 Toyota Camry","Missing","4 cylinders","fwd","gas",4.96321304347826,"silver",NA,"automatic","sedan",1,15910,9.67470312133183,2015,3,1.60205332203464,0,0,0,0,0,0,0,9,27,24.6334837149527
"138","$9700","chicago",NA,"2011 Toyota Camry","Missing","4 cylinders","fwd","gas",10.3230476190476,"black",NA,"automatic","sedan",1,9700,9.17988116449147,2011,7,2.33437902838065,0,0,0,0,0,0,0,49,343,106.565312145125
"139","$11995","chicago","chicago city","2015 TOYOTA CAMRY","Missing","Missing","fwd","gas",4.96321304347826,"black",NA,"automatic","sedan",1,11995,9.39224517527379,2015,3,1.60205332203464,0,0,0,0,0,0,0,9,27,24.6334837149527
"140","$14991","chicago","chicago city","2014 Toyota Camry","Missing","4 cylinders","fwd","gas",4.79168636363636,"silver","mid-size","automatic","sedan",1,14991,9.61520530001231,2014,4,1.56688240867879,0,0,0,0,0,0,0,16,64,22.9602582074587
"141","$15966","chicago","chicago suburbs","2015 Toyota Camry","Missing","4 cylinders","fwd","gas",4.96321304347826,"grey","mid-size","automatic","sedan",1,15966,9.67821674020574,2015,3,1.60205332203464,0,0,0,0,0,0,0,9,27,24.6334837149527
"142","$6700","chicago","chicago suburbs","2007 Toyota Camry se","excellent","4 cylinders","fwd","gas",11.6269303030303,"silver","mid-size","automatic","sedan",0,6700,8.80986280537906,2007,11,2.45332398526155,0,0,1,1,0,0,0,121,1331,135.185508271524
"143","$1200","chicago","chicago city","1999 toyota camry","excellent","4 cylinders","Missing","gas",17.01991875,NA,"full-size","automatic","Missing",0,1200,7.09007683577609,1999,19,2.8343843493383,0,0,0,1,0,0,0,361,6859,289.677634256601
"144","$7900","chicago","chicago N","2009 toyota camry","excellent","4 cylinders","fwd","gas",16.4503625,"red","full-size","automatic","Missing",0,7900,8.97461803845511,2009,9,2.80034751344275,0,0,0,1,0,0,0,81,729,270.614426381406
"145","$6500","chicago","chicago city","2007 Toyota Camry","good","4 cylinders","Missing","gas",11.6269303030303,NA,NA,"automatic","Missing",0,6500,8.77955745588373,2007,11,2.45332398526155,0,0,0,0,1,0,0,121,1331,135.185508271524
"146","$16489","chicago","chicago W","2014 toyota camry","like new","4 cylinders","fwd","gas",4.79168636363636,"grey","full-size","automatic","sedan",0,16489,9.71044877090097,2014,4,1.56688240867879,0,0,0,0,0,1,0,16,64,22.9602582074587
"147","$14000","chicago","chicago city","2013 Toyota Camry","good","4 cylinders","Missing","gas",7.53163333333333,"red",NA,"automatic","Missing",0,14000,9.5468126085974,2013,5,2.01911192842743,0,0,0,0,1,0,0,25,125,56.7255006677778
"148","$4000","chicago","chicago W","2002 toyota camry le 4dr sedan","good","6 cylinders","fwd","gas",14.3267208333333,"red",NA,"automatic","sedan",0,4000,8.29404964010203,2002,16,2.6621263833674,1,0,1,0,1,0,1,256,4096,205.254929836267
"149","$1695","chicago","chicago W","2000 toyota camry le","good","4 cylinders","fwd","gas",16.8334571428571,NA,NA,"automatic","sedan",0,1695,7.43543801981455,2000,18,2.82336840260737,1,0,0,0,1,0,0,324,5832,283.365279380408
"150","$14487","chicago","chicago suburbs","2014 Toyota Camry","excellent","6 cylinders","fwd","gas",4.79168636363636,"silver",NA,"automatic","sedan",1,14487,9.58100697454165,2014,4,1.56688240867879,0,0,0,1,0,0,1,16,64,22.9602582074587
"151","$2100","chicago","chicago city","1998 toyota camry","Missing","4 cylinders","fwd","gas",16.8242583333333,"white",NA,"automatic","Missing",0,2100,7.64969262371151,1998,20,2.82282179333085,0,0,0,0,0,0,0,400,8000,283.055668466736
"152","$14388","chicago","chicago suburbs","2012 Toyota Camry","Missing","4 cylinders","fwd","gas",8.30497333333333,"custom","mid-size","automatic","sedan",1,14388,9.57414980481551,2012,6,2.11685453214298,0,0,0,0,0,0,0,36,216,68.9725820673778
"153","$16499","chicago","chicago city","2017 TOYOTA CAMRY","Missing","Missing","fwd","gas",1.87281666666667,"black",NA,"automatic","sedan",1,16499,9.71105505199144,2017,1,0.627443536485736,0,0,0,0,0,0,0,1,1,3.50744226694444
"154","$6300","chicago","chicago suburbs","2006 Toyota_ Camry_","excellent","4 cylinders","fwd","gas",12.66718125,"white","mid-size","automatic","sedan",1,6300,8.74830491237962,2006,12,2.5390144952331,0,0,0,1,0,0,0,144,1728,160.457480820352
"155","$11700","chicago","chicago suburbs","2014 Toyota Camry SE","good","4 cylinders","fwd","gas",4.79168636363636,"grey",NA,"automatic","sedan",0,11700,9.36734412078585,2014,4,1.56688240867879,0,0,1,0,1,0,0,16,64,22.9602582074587
"156","$14388","chicago","chicago N","2012 Toyota Camry","Missing","4 cylinders","fwd","gas",8.30497333333333,"custom","mid-size","automatic","sedan",1,14388,9.57414980481551,2012,6,2.11685453214298,0,0,0,0,0,0,0,36,216,68.9725820673778
"157","$1600","chicago","chicago city","2001 Toyota Camry","Missing","Missing","Missing","gas",16.20146875,NA,NA,"automatic","Missing",0,1600,7.37775890822787,2001,17,2.78510190170889,0,0,0,0,0,0,0,289,4913,262.487589657227
"158","$12322","chicago","chicago city","2015 TOYOTA CAMRY","Missing","Missing","fwd","gas",4.96321304347826,NA,NA,"automatic","sedan",1,12322,9.41914156157452,2015,3,1.60205332203464,0,0,0,0,0,0,0,9,27,24.6334837149527
"159","$3000","chicago","chicago city","2002 Toyota Camry","Missing","4 cylinders","Missing","gas",14.3267208333333,NA,NA,"automatic","Missing",0,3000,8.00636756765025,2002,16,2.6621263833674,0,0,0,0,0,0,0,256,4096,205.254929836267
"160","$7499","chicago","chicago suburbs","2009 Toyota Camry","Missing","4 cylinders","Missing","gas",16.4503625,"red",NA,"automatic","sedan",1,7499,8.92252495730139,2009,9,2.80034751344275,0,0,0,0,0,0,0,81,729,270.614426381406
"161","$8800","chicago","chicago suburbs","2005 toyota camry le","like new","4 cylinders","fwd","gas",14.384252,"grey","mid-size","automatic","sedan",0,8800,9.0825070004663,2005,13,2.66613399704187,1,0,0,0,0,1,0,169,2197,206.906705599504
"162","$2500","chicago","chicago N","2005 Toyota Camry V6","excellent","6 cylinders","fwd","gas",14.384252,"silver","mid-size","automatic","sedan",1,2500,7.82404601085629,2005,13,2.66613399704187,0,0,0,1,0,0,1,169,2197,206.906705599504
"163","$4800","chicago","chicago suburbs","2007 Toyota Camry","Missing","4 cylinders","fwd","gas",11.6269303030303,"silver",NA,"automatic","sedan",1,4800,8.47637119689598,2007,11,2.45332398526155,0,0,0,0,0,0,0,121,1331,135.185508271524
"164","$8995","chicago","chicago suburbs","2011 Toyota_ Camry_","excellent","4 cylinders","fwd","gas",10.3230476190476,"grey","mid-size","automatic","sedan",1,8995,9.10442414638463,2011,7,2.33437902838065,0,0,0,1,0,0,0,49,343,106.565312145125
"165","$14990","chicago","chicago W","2015 Toyota Camry","Missing","4 cylinders","fwd","gas",4.96321304347826,"black",NA,"automatic","sedan",1,14990,9.61513859109664,2015,3,1.60205332203464,0,0,0,0,0,0,0,9,27,24.6334837149527
"166","$12500","chicago","chicago suburbs","2006 TOYOTA CAMRY SE","good","4 cylinders","fwd","gas",12.66718125,"silver","full-size","automatic","sedan",1,12500,9.43348392329039,2006,12,2.5390144952331,0,0,1,0,1,0,0,144,1728,160.457480820352
"167","$1600","chicago","chicago city","2001 toyota camry le","Missing","Missing","Missing","gas",16.20146875,NA,NA,"automatic","Missing",0,1600,7.37775890822787,2001,17,2.78510190170889,1,0,0,0,0,0,0,289,4913,262.487589657227
"168","$2500","chicago","chicago city","2004 toyota camry solara","Missing","Missing","Missing","gas",15.4080458333333,NA,NA,"automatic","Missing",0,2500,7.82404601085629,2004,14,2.73488982969655,0,0,0,0,0,0,0,196,2744,237.407876402101
"169","$10695","chicago","chicago city","2011 toyota camry le","Missing","Missing","fwd","gas",10.3230476190476,NA,NA,"automatic","Missing",0,10695,9.27753162151651,2011,7,2.33437902838065,1,0,0,0,0,0,0,49,343,106.565312145125
"170","$3999","chicago","chicago suburbs","2006 TOYOTA CAMRY LE","Missing","4 cylinders","Missing","gas",12.66718125,"red",NA,"automatic","sedan",1,3999,8.29379960884682,2006,12,2.5390144952331,1,0,0,0,0,0,0,144,1728,160.457480820352
"171","$4500","chicago","chicago N","2005 toyota camry le","Missing","Missing","Missing","gas",14.384252,NA,NA,"automatic","Missing",0,4500,8.41183267575841,2005,13,2.66613399704187,1,0,0,0,0,0,0,169,2197,206.906705599504
"172","$4995","chicago","chicago S","2009 Toyota Camry","Missing","Missing","fwd","gas",16.4503625,"silver",NA,"automatic","sedan",1,4995,8.51619269108265,2009,9,2.80034751344275,0,0,0,0,0,0,0,81,729,270.614426381406
"173","$8995","chicago","chicago suburbs","2011 Toyota_ Camry_","excellent","4 cylinders","fwd","gas",10.3230476190476,"grey","mid-size","automatic","sedan",1,8995,9.10442414638463,2011,7,2.33437902838065,0,0,0,1,0,0,0,49,343,106.565312145125
"174","$11988","chicago","chicago city","2013 TOYOTA CAMRY","Missing","Missing","fwd","gas",7.53163333333333,"black",NA,"automatic","sedan",1,11988,9.39166142843655,2013,5,2.01911192842743,0,0,0,0,0,0,0,25,125,56.7255006677778
"175","$1650","chicago","chicago city","1999 toyota camry le","good","4 cylinders","fwd","gas",17.01991875,NA,NA,"automatic","sedan",0,1650,7.40853056689463,1999,19,2.8343843493383,1,0,0,0,1,0,0,361,6859,289.677634256601
"176","$3590","chicago","chicago W","2002 toyota camry","good","6 cylinders","fwd","gas",14.3267208333333,"brown","full-size","automatic","sedan",0,3590,8.18590748148232,2002,16,2.6621263833674,0,0,0,0,1,0,1,256,4096,205.254929836267
"177","$8980","chicago","chicago suburbs","2006 Toyota_ Camry_","excellent","4 cylinders","fwd","gas",12.66718125,"grey","mid-size","automatic","sedan",1,8980,9.10275516129625,2006,12,2.5390144952331,0,0,0,1,0,0,0,144,1728,160.457480820352
"178","$3990","chicago","chicago city","2002 toyota camry le","like new","6 cylinders","fwd","gas",14.3267208333333,"black","mid-size","automatic","sedan",1,3990,8.29154650988391,2002,16,2.6621263833674,1,0,0,0,0,1,1,256,4096,205.254929836267
"179","$10988","chicago","chicago city","2012 TOYOTA CAMRY","Missing","Missing","fwd","gas",8.30497333333333,"blue",NA,"automatic","sedan",1,10988,9.30455904721516,2012,6,2.11685453214298,0,0,0,0,0,0,0,36,216,68.9725820673778
"180","$11900","chicago",NA,"2014 Toyota Camry","Missing","4 cylinders","fwd","gas",4.79168636363636,"red",NA,"automatic","sedan",1,11900,9.38429367909962,2014,4,1.56688240867879,0,0,0,0,0,0,0,16,64,22.9602582074587
"181","$1000","chicago","chicago city","1997 toyota camry xle","Missing","4 cylinders","fwd","gas",18.7008,"blue",NA,"automatic","Missing",0,1000,6.90775527898214,1997,21,2.92856630369413,0,1,0,0,0,0,0,441,9261,349.71992064
"182","$11500","chicago","chicago S","2012 toyota camry se","like new","4 cylinders","Missing","gas",8.30497333333333,"black",NA,"automatic","Missing",0,11500,9.35010231435134,2012,6,2.11685453214298,0,0,1,0,0,1,0,36,216,68.9725820673778
"183","$800","chicago","chicago N","1998 toyota camry","good","4 cylinders","fwd","gas",16.8242583333333,NA,"mid-size","automatic","Missing",0,800,6.68461172766793,1998,20,2.82282179333085,0,0,0,0,1,0,0,400,8000,283.055668466736
"184","$1100","chicago","indiana NW","1997 Toyota Camry XLE","good","6 cylinders","Missing","gas",18.7008,"white",NA,"automatic","sedan",0,1100,7.00306545878646,1997,21,2.92856630369413,0,1,0,0,1,0,1,441,9261,349.71992064
"185","$9977","chicago",NA,"2011 Toyota Camry","Missing","4 cylinders","fwd","gas",10.3230476190476,"black",NA,"automatic","sedan",1,9977,9.20803772291351,2011,7,2.33437902838065,0,0,0,0,0,0,0,49,343,106.565312145125
"186","$10883","chicago","chicago city","2013 TOYOTA CAMRY","Missing","Missing","fwd","gas",7.53163333333333,NA,NA,"automatic","sedan",1,10883,9.29495721769606,2013,5,2.01911192842743,0,0,0,0,0,0,0,25,125,56.7255006677778
"187","$9300","chicago","chicago city","2007 TOYOTA CAMRY V6 XLE","like new","6 cylinders","fwd","gas",11.6269303030303,"silver",NA,"automatic","sedan",0,9300,9.13776967914135,2007,11,2.45332398526155,0,1,0,0,0,1,1,121,1331,135.185508271524
"188","$2595","chicago","chicago city","2002 Toyota Camry LE 4dr","Missing","Missing","Missing","gas",14.3267208333333,NA,NA,"automatic","Missing",0,2595,7.86134179559999,2002,16,2.6621263833674,1,0,0,0,0,0,0,256,4096,205.254929836267
"189","$14900","chicago","chicago S","2014 toyota camry xle","excellent","4 cylinders","fwd","gas",4.79168636363636,"silver","mid-size","automatic","sedan",0,14900,9.60911649193355,2014,4,1.56688240867879,0,1,0,1,0,0,0,16,64,22.9602582074587
"190","$3999","chicago","chicago S","2003 TOYOTA CAMRY","Missing","6 cylinders","Missing","gas",14.0816714285714,"white",NA,"automatic","coupe",1,3999,8.29379960884682,2003,15,2.64487405310008,0,0,0,0,0,0,1,225,3375,198.293470222245
"191","$14991","chicago","chicago N","2014 Toyota Camry","Missing","4 cylinders","fwd","gas",4.79168636363636,"silver","mid-size","automatic","sedan",1,14991,9.61520530001231,2014,4,1.56688240867879,0,0,0,0,0,0,0,16,64,22.9602582074587
"192","$5500","chicago","chicago city","2007 toyota camry","Missing","4 cylinders","Missing","gas",11.6269303030303,NA,NA,"automatic","sedan",0,5500,8.61250337122056,2007,11,2.45332398526155,0,0,0,0,0,0,0,121,1331,135.185508271524
"193","$2300","chicago","chicago W","2005 toyota camry","good","6 cylinders","fwd","gas",14.384252,"grey","mid-size","automatic","Missing",0,2300,7.74066440191724,2005,13,2.66613399704187,0,0,0,0,1,0,1,169,2197,206.906705599504
"194","$9900","chicago",NA,"2011 Toyota Camry","Missing","4 cylinders","fwd","gas",10.3230476190476,"black",NA,"automatic","sedan",1,9900,9.20029003612268,2011,7,2.33437902838065,0,0,0,0,0,0,0,49,343,106.565312145125
"195","$650","chicago","chicago city","1991 toyota camry","good","4 cylinders","fwd","gas",17,NA,NA,"automatic","Missing",0,650,6.47697236288968,1991,27,2.83321334405622,0,0,0,0,1,0,0,729,19683,289
"196","$4000","chicago","chicago city","2006 toyota camry","good","4 cylinders","Missing","gas",12.66718125,"black","full-size","automatic","sedan",0,4000,8.29404964010203,2006,12,2.5390144952331,0,0,0,0,1,0,0,144,1728,160.457480820352
"197","$550","chicago","chicago S","1998 toyota camry le","Missing","4 cylinders","Missing","gas",16.8242583333333,"black","mid-size","automatic","sedan",0,550,6.30991827822652,1998,20,2.82282179333085,1,0,0,0,0,0,0,400,8000,283.055668466736
"198","$2799","chicago","chicago city","2000 toyota camry","excellent","4 cylinders","Missing","gas",16.8334571428571,"green",NA,"automatic","Missing",0,2799,7.93701748951545,2000,18,2.82336840260737,0,0,0,1,0,0,0,324,5832,283.365279380408
"199","$6999","chicago","chicago S","2011 toyota camry le","good","Missing","Missing","gas",10.3230476190476,NA,NA,"automatic","Missing",0,6999,8.85352256068954,2011,7,2.33437902838065,1,0,0,0,1,0,0,49,343,106.565312145125
"200","$3400","chicago","chicago suburbs","2001 toyota camry","like new","Missing","Missing","gas",16.20146875,NA,NA,"automatic","Missing",0,3400,8.13153071060425,2001,17,2.78510190170889,0,0,0,0,0,1,0,289,4913,262.487589657227
"201","$1790","chicago","chicago city","1999 toyota camry le","excellent","4 cylinders","fwd","gas",17.01991875,"silver","mid-size","automatic","sedan",1,1790,7.4899708988348,1999,19,2.8343843493383,1,0,0,1,0,0,0,361,6859,289.677634256601
"202","$2200","chicago","chicago city","2005 toyota camry xle","Missing","Missing","Missing","gas",14.384252,NA,NA,"automatic","Missing",0,2200,7.69621263934641,2005,13,2.66613399704187,0,1,0,0,0,0,0,169,2197,206.906705599504
"203","$4695","chicago","chicago W","2002 Toyota Camry Solara","Missing","Missing","Missing","gas",14.3267208333333,NA,NA,"automatic","Missing",0,4695,8.45425339164236,2002,16,2.6621263833674,0,0,0,0,0,0,0,256,4096,205.254929836267
"204","$8900","chicago","chicago S","2008 toyota camry","Missing","Missing","Missing","gas",12.5481117647059,NA,NA,"automatic","Missing",0,8900,9.09380655572023,2008,10,2.52957019726246,0,0,0,0,0,0,0,100,1000,157.45510885955
"205","$3599","chicago","chicago city","2004 toyota camry xle","Missing","Missing","Missing","gas",15.4080458333333,NA,NA,"automatic","Missing",0,3599,8.18841130807903,2004,14,2.73488982969655,0,1,0,0,0,0,0,196,2744,237.407876402101
"206","$11800","chicago","chicago suburbs","2014 Toyota Camry","good","4 cylinders","fwd","gas",4.79168636363636,"black",NA,"automatic","sedan",0,11800,9.37585481045376,2014,4,1.56688240867879,0,0,0,0,1,0,0,16,64,22.9602582074587
"207","$5999","chicago","chicago S","2008 TOYOTA CAMRY SOLARA","Missing","4 cylinders","Missing","gas",12.5481117647059,NA,NA,"automatic","convertible",1,5999,8.69934806765309,2008,10,2.52957019726246,0,0,0,0,0,0,0,100,1000,157.45510885955
"208","$850","chicago","chicago suburbs","1994 toyota camry","good","4 cylinders","fwd","gas",17.548975,"white","full-size","automatic","sedan",0,850,6.74523634948436,1994,24,2.86499554364786,0,0,0,0,1,0,0,576,13824,307.966523550625
"209","$1450","chicago","chicago suburbs","1998 toyota camry le","good","4 cylinders","fwd","gas",16.8242583333333,"grey","full-size","automatic","sedan",0,1450,7.27931883541462,1998,20,2.82282179333085,1,0,0,0,1,0,0,400,8000,283.055668466736
"210","$14995","chicago","chicago suburbs","2015 Toyota Camry LE","Missing","Missing","fwd","gas",4.96321304347826,"black",NA,"automatic","sedan",1,14995,9.61547209118311,2015,3,1.60205332203464,1,0,0,0,0,0,0,9,27,24.6334837149527
"211","$6300","chicago","chicago W","2009 toyota camry le","like new","4 cylinders","fwd","gas",16.4503625,"silver","full-size","automatic","sedan",1,6300,8.74830491237962,2009,9,2.80034751344275,1,0,0,0,0,1,0,81,729,270.614426381406
"212","$5995","chicago","chicago city","2009 TOYOTA CAMRY LE","good","4 cylinders","fwd","gas",16.4503625,"black","mid-size","automatic","Missing",1,5995,8.69868106746161,2009,9,2.80034751344275,1,0,0,0,1,0,0,81,729,270.614426381406
"213","$6277","chicago","chicago suburbs","2005 Toyota Camry","excellent","4 cylinders","fwd","gas",14.384252,NA,"mid-size","automatic","sedan",1,6277,8.74464743831753,2005,13,2.66613399704187,0,0,0,1,0,0,0,169,2197,206.906705599504
"214","$8300","chicago","chicago W","2011 toyota camry xle","excellent","6 cylinders","fwd","gas",10.3230476190476,"green","full-size","automatic","sedan",1,8300,9.02401079378469,2011,7,2.33437902838065,0,1,0,1,0,0,1,49,343,106.565312145125
"215","$4499","chicago","chicago suburbs","2005 TOYOTA CAMRY SOLARA","Missing","8 cylinders","Missing","gas",14.384252,"red",NA,"automatic","coupe",1,4499,8.41161042884117,2005,13,2.66613399704187,0,0,0,0,0,0,0,169,2197,206.906705599504
"216","$6500","chicago","chicago city","2011 toyota camry le","excellent","4 cylinders","fwd","gas",10.3230476190476,"black","compact","automatic","sedan",0,6500,8.77955745588373,2011,7,2.33437902838065,1,0,0,1,0,0,0,49,343,106.565312145125
"217","$2950","chicago","chicago city","2003 Toyota Camry","Missing","Missing","Missing","gas",14.0816714285714,NA,NA,"automatic","Missing",0,2950,7.98956044933387,2003,15,2.64487405310008,0,0,0,0,0,0,0,225,3375,198.293470222245
"218","$12000","chicago","chicago city","2010 toyota camry se","Missing","Missing","Missing","gas",14.664,NA,NA,"automatic","Missing",0,12000,9.39266192877014,2010,8,2.6853955105374,0,0,1,0,0,0,0,64,512,215.032896
"219","$1800","chicago","chicago city","2002 toyota camry le","Missing","4 cylinders","fwd","gas",14.3267208333333,"silver","full-size","automatic","sedan",0,1800,7.49554194388426,2002,16,2.6621263833674,1,0,0,0,0,0,0,256,4096,205.254929836267
"220","$2098","chicago","chicago city","2003 toyota camry","good","4 cylinders","fwd","gas",14.0816714285714,NA,NA,"automatic","sedan",0,2098,7.64873978895624,2003,15,2.64487405310008,0,0,0,0,1,0,0,225,3375,198.293470222245
"221","$12800","chicago","chicago city","2014 Toyota Camry","Missing","Missing","Missing","gas",4.79168636363636,NA,NA,"automatic","Missing",0,12800,9.45720044990771,2014,4,1.56688240867879,0,0,0,0,0,0,0,16,64,22.9602582074587
"222","$4500","chicago","chicago city","2007 Toyota Camry Solara Sport","Missing","Missing","Missing","gas",11.6269303030303,NA,NA,"automatic","Missing",0,4500,8.41183267575841,2007,11,2.45332398526155,0,0,0,0,0,0,0,121,1331,135.185508271524
"223","$8942","chicago","chicago city","2007 Toyota Camry","excellent","4 cylinders","fwd","gas",11.6269303030303,"black","mid-size","automatic","sedan",1,8942,9.09851455679393,2007,11,2.45332398526155,0,0,0,1,0,0,0,121,1331,135.185508271524
"224","$700","chicago","chicago suburbs","1994 toyota camry","good","4 cylinders","fwd","gas",17.548975,"white","full-size","automatic","sedan",0,700,6.5510803350434,1994,24,2.86499554364786,0,0,0,0,1,0,0,576,13824,307.966523550625
"225","$6500","chicago","chicago city","2011 toyota camry","like new","4 cylinders","fwd","gas",10.3230476190476,"white","compact","automatic","sedan",0,6500,8.77955745588373,2011,7,2.33437902838065,0,0,0,0,0,1,0,49,343,106.565312145125
"226","$8888","chicago","chicago city","2007 Toyota Camry","excellent","4 cylinders","fwd","gas",11.6269303030303,"black","mid-size","automatic","sedan",1,8888,9.09245733131947,2007,11,2.45332398526155,0,0,0,1,0,0,0,121,1331,135.185508271524
"227","$6350","chicago","chicago W","2007 Toyota Camry","excellent","4 cylinders","fwd","gas",11.6269303030303,"silver","mid-size","automatic","sedan",1,6350,8.75621009188674,2007,11,2.45332398526155,0,0,0,1,0,0,0,121,1331,135.185508271524
"228","$3700","chicago","chicago city","2004 toyota camry","good","4 cylinders","Missing","gas",15.4080458333333,"white",NA,"automatic","Missing",0,3700,8.21608809863232,2004,14,2.73488982969655,0,0,0,0,1,0,0,196,2744,237.407876402101
"229","$2600","chicago","chicago city","2003 toyota camry","excellent","4 cylinders","fwd","gas",14.0816714285714,"silver",NA,"automatic","Missing",0,2600,7.86326672400957,2003,15,2.64487405310008,0,0,0,1,0,0,0,225,3375,198.293470222245
"230","$4300","chicago","chicago city","2005 toyota camry","excellent","6 cylinders","Missing","gas",14.384252,"silver",NA,"automatic","Missing",0,4300,8.36637030168165,2005,13,2.66613399704187,0,0,0,1,0,0,1,169,2197,206.906705599504
"231","$14995","chicago","chicago city","2016 TOYOTA CAMRY","Missing","Missing","fwd","gas",4.24904444444444,"black",NA,"automatic","sedan",1,14995,9.61547209118311,2016,2,1.44669412105548,0,0,0,0,0,0,0,4,8,18.0543786908642
"232","$14000","chicago","chicago city","2013 toyota camry","excellent","Missing","Missing","gas",7.53163333333333,"silver",NA,"automatic","Missing",0,14000,9.5468126085974,2013,5,2.01911192842743,0,0,0,1,0,0,0,25,125,56.7255006677778
"233","$9999","chicago","chicago city","2012 TOYOTA CAMRY","Missing","Missing","fwd","gas",8.30497333333333,"silver",NA,"automatic","sedan",1,9999,9.21024036697585,2012,6,2.11685453214298,0,0,0,0,0,0,0,36,216,68.9725820673778
"234","$4999","chicago","chicago S","2004 TOYOTA CAMRY  SOLARA","Missing","6 cylinders","Missing","gas",15.4080458333333,"white",NA,"automatic","sedan",1,4999,8.51699317141357,2004,14,2.73488982969655,0,0,0,0,0,0,1,196,2744,237.407876402101
"235","$9995","chicago",NA,"2011 Toyota Camry","Missing","4 cylinders","fwd","gas",10.3230476190476,"black",NA,"automatic","sedan",1,9995,9.2098402469345,2011,7,2.33437902838065,0,0,0,0,0,0,0,49,343,106.565312145125
"236","$3200","chicago","chicago suburbs","2000 toyota camry","good","4 cylinders","fwd","gas",16.8334571428571,"silver","full-size","automatic","sedan",0,3200,8.07090608878782,2000,18,2.82336840260737,0,0,0,0,1,0,0,324,5832,283.365279380408
"237","$12488","chicago",NA,"2014 Toyota Camry","Missing","4 cylinders","fwd","gas",4.79168636363636,"red",NA,"automatic","sedan",1,12488,9.43252346219527,2014,4,1.56688240867879,0,0,0,0,0,0,0,16,64,22.9602582074587
"238","$10995","chicago","chicago city","2011 Toyota Camry","Missing","Missing","fwd","gas",10.3230476190476,"black",NA,"automatic","Missing",1,10995,9.30519590298886,2011,7,2.33437902838065,0,0,0,0,0,0,0,49,343,106.565312145125
"239","$4900","chicago","chicago W","2006 toyota camry solara","good","4 cylinders","fwd","gas",12.66718125,"silver","mid-size","automatic","coupe",0,4900,8.49699048409872,2006,12,2.5390144952331,0,0,0,0,1,0,0,144,1728,160.457480820352
"240","$10000","chicago","chicago W","2011 Toyota Camry","excellent","4 cylinders","fwd","gas",10.3230476190476,"black","mid-size","automatic","sedan",1,10000,9.21034037197618,2011,7,2.33437902838065,0,0,0,1,0,0,0,49,343,106.565312145125
"241","$3799","chicago","chicago suburbs","2000 TOYOTA CAMRY SOLARA","Missing","6 cylinders","Missing","gas",16.8334571428571,"silver",NA,"automatic","coupe",1,3799,8.24249315318763,2000,18,2.82336840260737,0,0,0,0,0,0,1,324,5832,283.365279380408
"242","$3980","chicago","chicago S","2002 TOYOTA CAMRY LE","good","4 cylinders","fwd","gas",14.3267208333333,"silver","full-size","automatic","sedan",0,3980,8.28903709827848,2002,16,2.6621263833674,1,0,0,0,1,0,0,256,4096,205.254929836267
"243","$15995","chicago","chicago city","2017 TOYOTA CAMRY","Missing","Missing","fwd","gas",1.87281666666667,"silver",NA,"automatic","sedan",1,15995,9.68003145238362,2017,1,0.627443536485736,0,0,0,0,0,0,0,1,1,3.50744226694444
"244","$780","chicago","chicago city","1999 toyota camry","Missing","Missing","Missing","gas",17.01991875,NA,NA,"automatic","Missing",0,780,6.65929391968364,1999,19,2.8343843493383,0,0,0,0,0,0,0,361,6859,289.677634256601
"245","$2100","chicago","chicago S","2001 toyota camry solara","Missing","Missing","Missing","gas",16.20146875,"white","mid-size","automatic","coupe",0,2100,7.64969262371151,2001,17,2.78510190170889,0,0,0,0,0,0,0,289,4913,262.487589657227
"246","$12750","chicago","chicago suburbs","2014 Toyota Camry","excellent","4 cylinders","fwd","gas",4.79168636363636,"blue",NA,"automatic","sedan",1,12750,9.45328655058657,2014,4,1.56688240867879,0,0,0,1,0,0,0,16,64,22.9602582074587
"247","$9899","chicago",NA,"2011 Toyota Camry","Missing","4 cylinders","fwd","gas",10.3230476190476,"black",NA,"automatic","sedan",1,9899,9.20018902091981,2011,7,2.33437902838065,0,0,0,0,0,0,0,49,343,106.565312145125
"248","$12333","chicago",NA,"2014 Toyota Camry","Missing","4 cylinders","fwd","gas",4.79168636363636,"red",NA,"automatic","sedan",1,12333,9.42003387556599,2014,4,1.56688240867879,0,0,0,0,0,0,0,16,64,22.9602582074587
"249","$4300","chicago","chicago city","2007 toyota camry","Missing","4 cylinders","Missing","gas",11.6269303030303,NA,NA,"automatic","Missing",0,4300,8.36637030168165,2007,11,2.45332398526155,0,0,0,0,0,0,0,121,1331,135.185508271524
"250","$1899","chicago","chicago city","2000 toyota camry","good","6 cylinders","Missing","gas",16.8334571428571,NA,NA,"automatic","Missing",0,1899,7.54908271081229,2000,18,2.82336840260737,0,0,0,0,1,0,1,324,5832,283.365279380408
"251","$3299","chicago","chicago S","1998 TOYOTA CAMRY LE","Missing","4 cylinders","Missing","gas",16.8242583333333,"grey",NA,"automatic","sedan",1,3299,8.10137467122858,1998,20,2.82282179333085,1,0,0,0,0,0,0,400,8000,283.055668466736
"252","$3200","chicago","chicago city","2000 toyota camry le 4dr sedan","good","4 cylinders","fwd","gas",16.8334571428571,"silver","full-size","automatic","sedan",0,3200,8.07090608878782,2000,18,2.82336840260737,1,0,1,0,1,0,0,324,5832,283.365279380408
"253","$3499","chicago","chicago S","2001 TOYOTA CAMRY","Missing","6 cylinders","Missing","gas",16.20146875,"grey",NA,"automatic","sedan",1,3499,8.16023249236769,2001,17,2.78510190170889,0,0,0,0,0,0,1,289,4913,262.487589657227
"254","$3500","chicago","chicago city","2003 toyota camry solara convertible","excellent","4 cylinders","fwd","gas",14.0816714285714,"white",NA,"automatic","convertible",0,3500,8.1605182474775,2003,15,2.64487405310008,0,0,0,1,0,0,0,225,3375,198.293470222245
"255","$2000","chicago","chicago suburbs","1999 toyota camry le","good","4 cylinders","fwd","gas",17.01991875,"white",NA,"automatic","Missing",0,2000,7.60090245954208,1999,19,2.8343843493383,1,0,0,0,1,0,0,361,6859,289.677634256601
"256","$2400","chicago","chicago suburbs","2001 TOYOTA CAMRY","excellent","4 cylinders","fwd","gas",16.20146875,"grey","full-size","automatic","sedan",0,2400,7.78322401633604,2001,17,2.78510190170889,0,0,0,1,0,0,0,289,4913,262.487589657227
"257","$1600","chicago","chicago city","1999 Toyota camry","Missing","Missing","Missing","gas",17.01991875,NA,NA,"automatic","Missing",0,1600,7.37775890822787,1999,19,2.8343843493383,0,0,0,0,0,0,0,361,6859,289.677634256601
"258","$800","chicago","chicago suburbs","1998 toyota camry","good","4 cylinders","fwd","gas",16.8242583333333,"red","compact","automatic","Missing",0,800,6.68461172766793,1998,20,2.82282179333085,0,0,0,0,1,0,0,400,8000,283.055668466736
"259","$13500","chicago","chicago city","2014 toyota camry","like new","Missing","Missing","gas",4.79168636363636,NA,NA,"automatic","Missing",0,13500,9.51044496442652,2014,4,1.56688240867879,0,0,0,0,0,1,0,16,64,22.9602582074587
"260","$5000","chicago","chicago suburbs","2006 toyota camry solara","good","Missing","fwd","gas",12.66718125,"black",NA,"automatic","Missing",0,5000,8.51719319141624,2006,12,2.5390144952331,0,0,0,0,1,0,0,144,1728,160.457480820352
"261","$2600","chicago","chicago city","2001 toyota camry solara","Missing","4 cylinders","fwd","gas",16.20146875,NA,NA,"automatic","coupe",0,2600,7.86326672400957,2001,17,2.78510190170889,0,0,0,0,0,0,0,289,4913,262.487589657227
"262","$6500","chicago","chicago city","2009 Toyota camry","Missing","Missing","Missing","gas",16.4503625,NA,NA,"automatic","Missing",0,6500,8.77955745588373,2009,9,2.80034751344275,0,0,0,0,0,0,0,81,729,270.614426381406
"263","$11550","chicago","chicago W","2012 toyota camry se","excellent","4 cylinders","fwd","gas",8.30497333333333,"black",NA,"automatic","Missing",0,11550,9.35444071594994,2012,6,2.11685453214298,0,0,1,1,0,0,0,36,216,68.9725820673778
"264","$2700","chicago","chicago S","2003 toyota camry","Missing","Missing","Missing","gas",14.0816714285714,NA,NA,"automatic","Missing",0,2700,7.90100705199242,2003,15,2.64487405310008,0,0,0,0,0,0,0,225,3375,198.293470222245
"265","$3980","chicago","chicago S","2002 toyota camry le","good","4 cylinders","fwd","gas",14.3267208333333,"silver","full-size","automatic","sedan",0,3980,8.28903709827848,2002,16,2.6621263833674,1,0,0,0,1,0,0,256,4096,205.254929836267
"266","$2995","chicago","indiana NW","1999 toyota camry le","good","4 cylinders","fwd","gas",17.01991875,"grey","mid-size","automatic","sedan",1,2995,8.00469951054955,1999,19,2.8343843493383,1,0,0,0,1,0,0,361,6859,289.677634256601
"267","$3395","chicago","chicago suburbs","2005 toyota camry se sedan 4d","good","4 cylinders","fwd","gas",14.384252,"silver","full-size","automatic","Missing",0,3395,8.1300590399928,2005,13,2.66613399704187,0,0,1,0,1,0,0,169,2197,206.906705599504
"268","$4000","chicago","chicago city","2005 toyota camry","good","4 cylinders","fwd","gas",14.384252,"red","mid-size","automatic","sedan",0,4000,8.29404964010203,2005,13,2.66613399704187,0,0,0,0,1,0,0,169,2197,206.906705599504
"269","$1800","chicago","chicago city","1999 toyota camry","good","6 cylinders","fwd","gas",17.01991875,"white","mid-size","automatic","sedan",0,1800,7.49554194388426,1999,19,2.8343843493383,0,0,0,0,1,0,1,361,6859,289.677634256601
"270","$2300","chicago","chicago city","2003 toyota camry","Missing","Missing","Missing","gas",14.0816714285714,NA,NA,"automatic","Missing",0,2300,7.74066440191724,2003,15,2.64487405310008,0,0,0,0,0,0,0,225,3375,198.293470222245
"271","$2200","chicago","chicago city","1999 1999 Toyota Camry","Missing","Missing","Missing","gas",17.01991875,NA,NA,"automatic","Missing",0,2200,7.69621263934641,1999,19,2.8343843493383,0,0,0,0,0,0,0,361,6859,289.677634256601
"272","$2500","chicago","chicago city","2003 toyota camry","Missing","Missing","Missing","gas",14.0816714285714,NA,NA,"automatic","Missing",0,2500,7.82404601085629,2003,15,2.64487405310008,0,0,0,0,0,0,0,225,3375,198.293470222245
"273","$6800","chicago","chicago city","2009 Toyota Camry","Missing","Missing","Missing","gas",16.4503625,NA,NA,"automatic","Missing",0,6800,8.8246778911642,2009,9,2.80034751344275,0,0,0,0,0,0,0,81,729,270.614426381406
"274","$1000","chicago","chicago N","1998 toyota camry le","good","4 cylinders","fwd","gas",16.8242583333333,"custom","full-size","automatic","sedan",0,1000,6.90775527898214,1998,20,2.82282179333085,1,0,0,0,1,0,0,400,8000,283.055668466736
"275","$14994","chicago","chicago city","2015 TOYOTA CAMRY","Missing","Missing","fwd","gas",4.96321304347826,"white",NA,"automatic","sedan",1,14994,9.61540540006301,2015,3,1.60205332203464,0,0,0,0,0,0,0,9,27,24.6334837149527
"276","$9785","chicago","chicago W","2006 toyota camry solara convertible","excellent","6 cylinders","fwd","gas",12.66718125,"black",NA,"automatic","Missing",0,9785,9.18860587983018,2006,12,2.5390144952331,0,0,0,1,0,0,1,144,1728,160.457480820352
"277","$1500","chicago","chicago S","1999 toyota camry le","excellent","4 cylinders","fwd","gas",17.01991875,NA,"full-size","automatic","coupe",0,1500,7.3132203870903,1999,19,2.8343843493383,1,0,0,1,0,0,0,361,6859,289.677634256601
"278","$17777","chicago","chicago city","2015 toyota camry xle","excellent","4 cylinders","fwd","gas",4.96321304347826,"silver",NA,"automatic","Missing",1,17777,9.78566076592269,2015,3,1.60205332203464,0,1,0,1,0,0,0,9,27,24.6334837149527
"279","$14593","chicago","chicago W","2016 Toyota Camry","Missing","4 cylinders","fwd","gas",4.24904444444444,"black",NA,"automatic","sedan",1,14593,9.58829724066775,2016,2,1.44669412105548,0,0,0,0,0,0,0,4,8,18.0543786908642
"280","$5499","chicago","chicago S","2003 TOYOTA CAMRY  SOLARA","Missing","6 cylinders","Missing","gas",14.0816714285714,"black",NA,"automatic","SUV",1,5499,8.61232153650781,2003,15,2.64487405310008,0,0,0,0,0,0,1,225,3375,198.293470222245
"281","$10800","chicago","chicago N","2010 Toyota Camry se","Missing","Missing","Missing","gas",14.664,NA,NA,"automatic","Missing",0,10800,9.28730141311231,2010,8,2.6853955105374,0,0,1,0,0,0,0,64,512,215.032896
"282","$9499","chicago","chicago suburbs","2007 TOYOTA CAMRY","Missing","4 cylinders","Missing","gas",11.6269303030303,"red",NA,"automatic","sedan",1,9499,9.15894180889018,2007,11,2.45332398526155,0,0,0,0,0,0,0,121,1331,135.185508271524
